{"base": {"syntactic": {"100-percent-human-dataset": {"pairwise": 9.934334451955065, "p-change": 0.0, "centroid": 7.064926624298096, "c-change": 0.0}, "75-percent-human-dataset": {"pairwise": 9.86884498581881, "p-change": 0.0, "centroid": 7.009629249572754, "c-change": 0.0}, "50-percent-human-dataset": {"pairwise": 9.705584096594734, "p-change": 0.0, "centroid": 6.906399726867676, "c-change": 0.0}, "25-percent-human-dataset": {"pairwise": 9.38958036744009, "p-change": 0.0, "centroid": 6.688501358032227, "c-change": 0.0}, "0-percent-human-dataset": {"pairwise": 9.268225172765899, "p-change": 0.0, "centroid": 6.6150946617126465, "c-change": 0.0}, "75-baseline-dataset": {"pairwise": 9.971680263307158, "p-change": 0.0, "centroid": 7.088672637939453, "c-change": 0.0}, "50-baseline-dataset": {"pairwise": 9.913467195507053, "p-change": 0.0, "centroid": 7.047331809997559, "c-change": 0.0}, "25-baseline-dataset": {"pairwise": 9.90426934676464, "p-change": 0.0, "centroid": 7.0393829345703125, "c-change": 0.0}, "0-baseline-dataset": {"pairwise": 9.921651393635708, "p-change": 0.0, "centroid": 7.061009883880615, "c-change": 0.0}}, "semantic": {"100-percent-human-dataset": {"pairwise": 1.3590077243717231, "p-change": 0.0, "cntroid": 0.9617115259170532, "c-change": 0.0}, "75-percent-human-dataset": {"pairwise": 1.3610787140123561, "p-change": 0.0, "cntroid": 0.9631903171539307, "c-change": 0.0}, "50-percent-human-dataset": {"pairwise": 1.3628097477323196, "p-change": 0.0, "cntroid": 0.9644426703453064, "c-change": 0.0}, "25-percent-human-dataset": {"pairwise": 1.3625563551973763, "p-change": 0.0, "cntroid": 0.9642744064331055, "c-change": 0.0}, "0-percent-human-dataset": {"pairwise": 1.3628701079531165, "p-change": 0.0, "cntroid": 0.964528501033783, "c-change": 0.0}, "75-baseline-dataset": {"pairwise": 1.3584963536125751, "p-change": 0.0, "cntroid": 0.961329996585846, "c-change": 0.0}, "50-baseline-dataset": {"pairwise": 1.357259501648546, "p-change": 0.0, "cntroid": 0.96045982837677, "c-change": 0.0}, "25-baseline-dataset": {"pairwise": 1.356175922149059, "p-change": 0.0, "cntroid": 0.9597181081771851, "c-change": 0.0}, "0-baseline-dataset": {"pairwise": 1.3545690976833604, "p-change": 0.0, "cntroid": 0.9586103558540344, "c-change": 0.0}}, "self_bleu": {"100-percent-human-dataset": {"score": 0.5517690779688603, "change": -0.4482309220311397}, "75-percent-human-dataset": {"score": 0.5168795298760347, "change": -0.06323215541773194}, "50-percent-human-dataset": {"score": 0.48153702923878816, "change": -0.06837666921288771}, "25-percent-human-dataset": {"score": 0.4356517138997633, "change": -0.09528927694628214}, "0-percent-human-dataset": {"score": 0.385926618648605, "change": -0.11413956071936696}, "75-baseline-dataset": {"score": 0.5374100296265611, "change": 0.3925186904920006}, "50-baseline-dataset": {"score": 0.5237669075312159, "change": -0.02538680214960941}, "25-baseline-dataset": {"score": 0.5104480800724424, "change": -0.025428921276359494}, "0-baseline-dataset": {"score": 0.4933310318549603, "change": -0.03353337760630389}}, "ttr": {"100-percent-human-dataset": {"TTR": 0.06053338617462103, "change": -0.939466613825379}, "75-percent-human-dataset": {"TTR": 0.06166162834770872, "change": -0.9383383716522913}, "50-percent-human-dataset": {"TTR": 0.062348897688216304, "change": -0.9376511023117837}, "25-percent-human-dataset": {"TTR": 0.06215992717316526, "change": -0.9378400728268348}, "0-percent-human-dataset": {"TTR": 0.06014348331162155, "change": -0.9398565166883784}, "75-baseline-dataset": {"TTR": 0.061880278546287214, "change": -0.9381197214537128}, "50-baseline-dataset": {"TTR": 0.06281241009070761, "change": -0.9371875899092924}, "25-baseline-dataset": {"TTR": 0.06342159557568207, "change": -0.936578404424318}, "0-baseline-dataset": {"TTR": 0.06363307431210048, "change": -0.9363669256878995}}, "distinct_2": {"100-percent-human-dataset": {"Distinct-2": 0.44206320156173745, "change": -0.5579367984382626}, "75-percent-human-dataset": {"Distinct-2": 0.42360771960011256, "change": -0.5763922803998874}, "50-percent-human-dataset": {"Distinct-2": 0.39815241541075397, "change": -0.601847584589246}, "25-percent-human-dataset": {"Distinct-2": 0.36600117439812097, "change": -0.633998825601879}, "0-percent-human-dataset": {"Distinct-2": 0.3195271395009307, "change": -0.6804728604990693}, "75-baseline-dataset": {"Distinct-2": 0.4349435274781977, "change": -0.5650564725218024}, "50-baseline-dataset": {"Distinct-2": 0.42490231519629995, "change": -0.5750976848037}, "25-baseline-dataset": {"Distinct-2": 0.41181207587774865, "change": -0.5881879241222514}, "0-baseline-dataset": {"Distinct-2": 0.3942039741267035, "change": -0.6057960258732965}}, "distinct_3": {"100-percent-human-dataset": {"Distinct-3": 0.7825025438860339, "change": -0.2174974561139661}, "75-percent-human-dataset": {"Distinct-3": 0.7521072888202245, "change": -0.24789271117977552}, "50-percent-human-dataset": {"Distinct-3": 0.7111119986058265, "change": -0.2888880013941735}, "25-percent-human-dataset": {"Distinct-3": 0.6592469881860675, "change": -0.34075301181393247}, "0-percent-human-dataset": {"Distinct-3": 0.5916151214262083, "change": -0.4083848785737917}, "75-baseline-dataset": {"Distinct-3": 0.7724141856890762, "change": -0.22758581431092384}, "50-baseline-dataset": {"Distinct-3": 0.7587500962703131, "change": -0.2412499037296869}, "25-baseline-dataset": {"Distinct-3": 0.7406860247297362, "change": -0.2593139752702638}, "0-baseline-dataset": {"Distinct-3": 0.7173973341551737, "change": -0.2826026658448263}}}, "base-llama": {"syntactic": {"100-baseline-dataset-llama": {"pairwise": 9.791278298563348, "p-change": 0.0, "centroid": 6.959920406341553, "c-change": 0.0}, "50-baseline-dataset-llama": {"pairwise": 9.761639167869884, "p-change": 0.0, "centroid": 6.944108963012695, "c-change": 0.0}}, "semantic": {"100-baseline-dataset-llama": {"pairwise": 1.3549134772735647, "p-change": 0.0, "cntroid": 0.9588379859924316, "c-change": 0.0}, "50-baseline-dataset-llama": {"pairwise": 1.3490181872449196, "p-change": 0.0, "cntroid": 0.9549573063850403, "c-change": 0.0}}, "self_bleu": {"100-baseline-dataset-llama": {"score": 0.4916039242417677, "change": -0.5083960757582323}, "50-baseline-dataset-llama": {"score": 0.46032759463353895, "change": -0.0636209925632067}}, "ttr": {"100-baseline-dataset-llama": {"TTR": 0.06363307431210048, "change": -0.9363669256878995}, "50-baseline-dataset-llama": {"TTR": 0.06478957185903025, "change": -0.9352104281409698}}, "distinct_2": {"100-baseline-dataset-llama": {"Distinct-2": 0.3942039741267035, "change": -0.6057960258732965}, "50-baseline-dataset-llama": {"Distinct-2": 0.3752597577284016, "change": -0.6247402422715984}}, "distinct_3": {"100-baseline-dataset-llama": {"Distinct-3": 0.7173973341551737, "change": -0.2826026658448263}, "50-baseline-dataset-llama": {"Distinct-3": 0.6795198706387213, "change": -0.3204801293612787}}}, "opt": {"syntactic": {"100-percent-human-dataset-opt": {"pairwise": 9.350539702422004, "p-change": 0.0, "centroid": 6.679238796234131, "c-change": 0.0}, "75-percent-human-dataset-opt": {"pairwise": 9.393597651100148, "p-change": 0.0, "centroid": 6.719685077667236, "c-change": 0.0}, "50-percent-human-dataset-opt": {"pairwise": 9.269748484708895, "p-change": 0.0, "centroid": 6.633913993835449, "c-change": 0.0}, "25-percent-human-dataset-opt": {"pairwise": 9.366270397190307, "p-change": 0.0, "centroid": 6.7106828689575195, "c-change": 0.0}, "0-percent-human-dataset-opt": {"pairwise": 9.284668060005107, "p-change": 0.0, "centroid": 6.644796848297119, "c-change": 0.0}}, "semantic": {"100-percent-human-dataset-opt": {"pairwise": 1.3616499393579367, "p-change": 0.0, "cntroid": 0.9636531472206116, "c-change": 0.0}, "75-percent-human-dataset-opt": {"pairwise": 1.362253461554165, "p-change": 0.0, "cntroid": 0.9640998244285583, "c-change": 0.0}, "50-percent-human-dataset-opt": {"pairwise": 1.3635831501166167, "p-change": 0.0, "cntroid": 0.9650480151176453,